acc,auc,precision_macro,recall_macro,f1_macro,precision_weighted,recall_weighted,f1_weighted,model
0.7957628887497391,0.9829197746735516,0.7809735725958948,0.7624126358062147,0.7692317958711943,0.7952048872565922,0.7957628887497391,0.7942778722274751,LogisticRegression
0.7822305712099075,,0.7723293498202869,0.7346306126646733,0.7463833083325151,0.7803908236019746,0.7822305712099075,0.7774796391008877,LinearSVM
0.8493703471787379,0.9920593558742856,0.8623387041537404,0.8017130070231812,0.8265837256710536,0.8504766641852095,0.8493703471787379,0.8473430703927665,RandomForest
0.8433173311069366,0.9918590833009779,0.8682646790618078,0.7808017841483819,0.8149814839802036,0.8462279436615683,0.8433173311069366,0.8404113302180917,ExtraTrees
